binodal,lnz_0,lnz_1,phase,phase_nebr,delta_w
0,-0.2242141063552648,0.5,0,0,inf
0,-0.2242141063552648,0.5,0,1,83.23170513721072
0,-0.2242141063552648,0.5,1,0,83.08664785417244
0,-0.2242141063552648,0.5,1,1,inf
